,Eigenvalues,Variance,Cumulative_Variance
0,1.7064403300169169,0.8532201650084587,0.8532201650084587
1,0.2935596699830828,0.14677983499154143,1.0
